City_ID,City,Lat,Lng,Max Temp,Humidity,Cloudiness,Wind Speed,Country,Date
0,Busselton,-33.65,115.3333,58.21,79,100,19.08,AU,2022-08-16 00:06:40
1,Nelson Bay,-32.7167,152.15,60.01,68,49,10.0,AU,2022-08-16 00:06:41
2,Cidreira,-30.1811,-50.2056,60.93,97,79,7.2,BR,2022-08-16 00:06:41
3,Camacha,33.0833,-16.3333,71.02,88,40,11.5,PT,2022-08-16 00:06:42
4,Victoria,22.2855,114.1577,86.38,86,44,5.01,HK,2022-08-16 00:04:55
5,Pisco,-13.7,-76.2167,62.02,82,3,20.71,PE,2022-08-16 00:05:00
6,San Jose,37.3394,-121.895,101.7,32,0,12.66,US,2022-08-16 00:06:43
7,Vostok,46.4856,135.8833,67.64,67,28,4.61,RU,2022-08-16 00:06:43
8,Guilin,25.2819,110.2864,80.67,86,92,2.06,CN,2022-08-16 00:06:43
9,Alice Springs,-23.7,133.8833,56.75,41,12,8.05,AU,2022-08-16 00:06:44
10,Mackay,-21.15,149.2,71.69,35,0,5.88,AU,2022-08-16 00:06:44
11,San Patricio,28.017,-97.5169,85.95,66,100,12.17,US,2022-08-16 00:06:44
12,Debre Tabor,11.85,38.0167,51.87,97,100,1.74,ET,2022-08-16 00:06:45
13,Souillac,-20.5167,57.5167,68.07,82,22,9.64,MU,2022-08-16 00:06:45
14,Korla,41.7597,86.1469,82.17,37,98,11.52,CN,2022-08-16 00:06:46
15,San Lazaro,18.0387,-88.6622,80.15,86,75,6.4,BZ,2022-08-16 00:06:46
16,Albany,42.6001,-73.9662,77.4,55,66,1.9,US,2022-08-16 00:05:32
17,Keuruu,62.2667,24.7,64.58,86,76,3.53,FI,2022-08-16 00:06:47
18,Barrow,71.2906,-156.7887,35.62,93,100,16.11,US,2022-08-16 00:06:47
19,Mataura,-46.1927,168.8643,55.47,63,76,3.33,NZ,2022-08-16 00:06:47
20,Kyra,49.5776,111.9753,62.76,66,7,2.86,RU,2022-08-16 00:06:48
21,Castro,-24.7911,-50.0119,60.21,68,0,5.59,BR,2022-08-16 00:06:48
22,Jamestown,42.097,-79.2353,69.39,71,75,1.99,US,2022-08-16 00:06:09
23,Rikitea,-23.1203,-134.9692,73.36,76,1,14.54,PF,2022-08-16 00:06:49
24,Kinwat,19.6333,78.2,72.77,92,100,11.56,IN,2022-08-16 00:06:49
25,Atlantic City,39.3643,-74.4229,74.01,71,0,5.75,US,2022-08-16 00:05:22
26,Flinders,-34.5833,150.8552,61.38,58,62,8.99,AU,2022-08-16 00:06:50
27,Dikson,73.5069,80.5464,41.18,96,100,21.05,RU,2022-08-16 00:06:50
28,Longyearbyen,78.2186,15.6401,40.84,75,20,4.61,SJ,2022-08-16 00:06:51
29,Lujan,-34.5703,-59.105,49.95,47,9,5.75,AR,2022-08-16 00:06:51
30,Trat,12.5,102.5,77.88,93,100,3.11,TH,2022-08-16 00:06:52
31,Bardiyah,31.7561,25.0865,76.39,71,0,6.85,LY,2022-08-16 00:06:52
32,Blythe,33.6103,-114.5964,102.65,29,0,4.61,US,2022-08-16 00:06:52
33,Lodwar,3.1191,35.5973,83.77,44,99,10.22,KE,2022-08-16 00:06:53
34,Oudtshoorn,-33.5907,22.2014,52.95,30,99,6.04,ZA,2022-08-16 00:06:53
35,Puerto Ayora,-0.7393,-90.3518,69.55,95,95,8.01,EC,2022-08-16 00:06:53
36,Georgetown,5.4112,100.3354,84.88,80,20,2.3,MY,2022-08-16 00:06:54
37,Torbay,47.6666,-52.7314,67.57,86,30,4.0,CA,2022-08-16 00:05:36
38,Khasan,42.4308,130.6434,68.63,85,95,10.67,RU,2022-08-16 00:06:55
39,Qaanaaq,77.484,-69.3632,41.7,81,96,2.98,GL,2022-08-16 00:06:55
40,Teodoro Sampaio,-22.5325,-52.1675,75.33,38,13,4.21,BR,2022-08-16 00:06:55
41,Matamoros,25.5333,-103.25,93.31,27,75,3.44,MX,2022-08-16 00:06:56
42,Bathsheba,13.2167,-59.5167,83.01,78,40,13.8,BB,2022-08-16 00:06:56
43,Rawalpindi,33.6007,73.0679,76.23,89,23,1.61,PK,2022-08-16 00:04:10
44,Vestmannaeyjar,63.4427,-20.2734,48.52,72,6,17.69,IS,2022-08-16 00:06:57
45,Kodiak,57.79,-152.4072,60.31,72,100,9.22,US,2022-08-16 00:06:57
46,Punta Arenas,-53.15,-70.9167,37.51,81,20,16.11,CL,2022-08-16 00:07:57
47,Koson,39.0375,65.585,73.72,24,0,3.83,UZ,2022-08-16 00:07:58
48,Vaini,-21.2,-175.2,72.21,64,100,30.6,TO,2022-08-16 00:07:58
49,Ancud,-41.8697,-73.8203,46.38,89,91,15.08,CL,2022-08-16 00:07:59
50,Ilulissat,69.2167,-51.1,51.82,62,75,17.27,GL,2022-08-16 00:07:59
51,Lompoc,34.6391,-120.4579,70.84,78,0,12.66,US,2022-08-16 00:08:00
52,Bridgetown,13.1,-59.6167,82.89,78,40,13.8,BB,2022-08-16 00:08:00
53,Ushuaia,-54.8,-68.3,38.86,65,40,4.61,AR,2022-08-16 00:03:15
54,Brokopondo,4.75,-55.1667,78.94,78,58,8.1,SR,2022-08-16 00:08:01
55,Pevek,69.7008,170.3133,35.92,88,30,1.95,RU,2022-08-16 00:08:01
56,Bafra,41.5678,35.9069,71.24,91,47,2.66,TR,2022-08-16 00:08:01
57,Paris,48.8534,2.3488,70.57,75,0,3.44,FR,2022-08-16 00:06:42
58,Waingapu,-9.6567,120.2641,78.96,64,65,10.25,ID,2022-08-16 00:08:02
59,Sungaipenuh,-2.0833,101.3833,63.14,94,75,0.72,ID,2022-08-16 00:08:03
60,Hirado,33.3597,129.5531,86.4,86,85,22.84,JP,2022-08-16 00:08:03
61,Yellowknife,62.456,-114.3525,73.56,64,11,11.99,CA,2022-08-16 00:04:44
62,Sao Felix Do Xingu,-6.6447,-51.995,77.56,39,13,1.01,BR,2022-08-16 00:08:04
63,Shawville,45.6001,-76.4827,71.85,69,89,1.45,CA,2022-08-16 00:08:04
64,Cape Town,-33.9258,18.4232,56.37,78,100,0.74,ZA,2022-08-16 00:08:05
65,Port Alfred,-33.5906,26.891,49.17,82,69,13.02,ZA,2022-08-16 00:08:05
66,Sorland,67.667,12.6934,57.06,95,100,10.85,NO,2022-08-16 00:08:06
67,Carnarvon,-24.8667,113.6333,68.07,94,75,8.05,AU,2022-08-16 00:08:06
68,Ukiah,39.1502,-123.2078,101.44,23,0,6.91,US,2022-08-16 00:08:07
69,Severo-Kurilsk,50.6789,156.125,55.85,90,60,15.77,RU,2022-08-16 00:08:07
70,Bara,10.3744,10.7288,70.97,99,100,7.54,NG,2022-08-16 00:08:08
71,Hithadhoo,-0.6,73.0833,82.6,74,9,10.25,MV,2022-08-16 00:08:08
72,Zhigansk,66.7697,123.3711,54.16,88,100,6.93,RU,2022-08-16 00:08:08
73,Bethel,41.3712,-73.414,75.29,59,0,4.61,US,2022-08-16 00:08:09
74,Klaksvik,62.2266,-6.589,47.32,69,100,19.28,FO,2022-08-16 00:08:10
75,Atambua,-9.1061,124.8925,75.18,64,54,3.22,ID,2022-08-16 00:08:11
76,Bonham,33.5773,-96.1783,98.64,35,0,10.36,US,2022-08-16 00:08:11
77,Leh,34.1667,77.5833,62.33,62,100,5.37,IN,2022-08-16 00:08:12
78,East London,-33.0153,27.9116,54.37,60,55,10.69,ZA,2022-08-16 00:08:12
79,Coihaique,-45.5752,-72.0662,40.95,52,40,9.22,CL,2022-08-16 00:08:02
80,Sao Jose Do Belmonte,-7.8614,-38.7597,66.25,90,6,10.89,BR,2022-08-16 00:08:13
81,Soavinandriana,-19.1667,46.7333,49.1,86,1,3.11,MG,2022-08-16 00:08:13
82,Udachnyy,66.4167,112.4,52.45,93,99,14.09,RU,2022-08-16 00:08:14
83,Pechenga,69.5259,31.1703,56.35,73,95,9.64,RU,2022-08-16 00:08:14
84,Wuwei,37.9281,102.6414,72.66,51,8,3.24,CN,2022-08-16 00:08:14
85,Batticaloa,7.7102,81.6924,78.28,81,97,5.93,LK,2022-08-16 00:06:13
86,Evensk,61.95,159.2333,54.79,91,100,35.05,RU,2022-08-16 00:08:15
87,Dingle,10.9995,122.6711,80.98,83,100,6.46,PH,2022-08-16 00:08:15
88,Quatre Cocos,-20.2078,57.7625,68.09,74,88,11.9,MU,2022-08-16 00:08:16
89,Ulkan,57.243,107.3223,51.96,89,60,9.8,RU,2022-08-16 00:08:16
90,Davila,18.4726,120.5763,79.02,88,100,11.68,PH,2022-08-16 00:08:17
91,Nome,64.5011,-165.4064,47.16,62,75,9.22,US,2022-08-16 00:08:17
92,Ulaangom,49.9811,92.0667,56.97,51,3,7.25,MN,2022-08-16 00:09:18
93,Xiantao,30.3833,113.4,84.11,75,100,6.67,CN,2022-08-16 00:09:18
94,Mongoumba,3.6415,18.5936,67.87,84,93,2.42,CF,2022-08-16 00:09:18
95,Hasaki,35.7333,140.8333,86.4,79,90,20.33,JP,2022-08-16 00:09:19
96,Te Anau,-45.4167,167.7167,53.85,84,81,3.24,NZ,2022-08-16 00:09:19
97,Faanui,-16.4833,-151.75,77.36,79,56,9.06,PF,2022-08-16 00:09:20
98,Kapaa,22.0752,-159.319,84.18,67,20,13.8,US,2022-08-16 00:09:20
99,Dubbo,-32.25,148.6167,51.93,87,100,12.66,AU,2022-08-16 00:09:21
100,Hermanus,-34.4187,19.2345,46.8,60,100,5.03,ZA,2022-08-16 00:09:21
101,Carballo,43.213,-8.691,63.91,93,84,5.48,ES,2022-08-16 00:09:22
102,Hilo,19.7297,-155.09,86.29,80,100,10.36,US,2022-08-16 00:09:22
103,Airai,-8.9266,125.4092,64.22,59,56,2.55,TL,2022-08-16 00:09:22
104,Arraial Do Cabo,-22.9661,-42.0278,70.56,80,0,32.46,BR,2022-08-16 00:09:23
105,Nagato,34.3833,131.2,84.31,79,87,18.95,JP,2022-08-16 00:09:23
106,Chokurdakh,70.6333,147.9167,56.82,48,6,12.15,RU,2022-08-16 00:09:24
107,Inirida,3.8653,-67.9239,74.03,96,26,2.64,CO,2022-08-16 00:09:24
108,Saskylakh,71.9167,114.0833,49.89,79,17,7.25,RU,2022-08-16 00:09:25
109,Saldanha,-33.0117,17.9442,52.92,63,100,1.07,ZA,2022-08-16 00:09:25
110,Ushumun,52.7833,126.5333,69.12,61,10,6.13,RU,2022-08-16 00:09:25
111,Grootfontein,-19.5667,18.1167,54.19,22,5,3.71,NA,2022-08-16 00:09:26
112,Ugoofaaru,5.6667,73.0,80.56,77,81,2.84,MV,2022-08-16 00:09:26
113,Oriximina,-1.7656,-55.8661,81.19,53,6,2.21,BR,2022-08-16 00:09:27
114,Broken Hill,-31.95,141.4333,51.64,67,4,19.08,AU,2022-08-16 00:09:27
115,Margate,51.3813,1.3862,67.69,83,79,1.01,GB,2022-08-16 00:09:28
116,Pando,-34.7167,-55.95,54.9,54,0,9.22,UY,2022-08-16 00:09:28
117,Tasiilaq,65.6145,-37.6368,42.96,71,16,1.14,GL,2022-08-16 00:09:29
118,Adrar,20.5022,-10.0711,98.19,5,5,8.63,MR,2022-08-16 00:09:29
119,Idlib,35.9306,36.6339,69.22,88,0,7.09,SY,2022-08-16 00:09:30
120,Bluff,-46.6,168.3333,55.8,68,69,3.76,NZ,2022-08-16 00:09:30
121,Vanimo,-2.6741,141.3028,83.7,68,97,4.32,PG,2022-08-16 00:09:31
122,Deputatskiy,69.3,139.9,47.34,59,10,9.46,RU,2022-08-16 00:09:31
123,Carauari,-4.8828,-66.8958,76.86,80,63,2.71,BR,2022-08-16 00:09:31
124,Yar-Sale,66.8333,70.8333,47.14,96,100,8.68,RU,2022-08-16 00:09:32
125,Saint-Francois,46.4154,3.9054,60.24,94,0,2.3,FR,2022-08-16 00:09:32
126,Port Lincoln,-34.7333,135.8667,55.74,69,3,3.29,AU,2022-08-16 00:07:42
127,Mtambile,-5.3833,39.7,73.47,81,45,11.07,TZ,2022-08-16 00:09:33
128,Anadyr,64.75,177.4833,50.5,61,40,15.66,RU,2022-08-16 00:09:33
129,Thompson,55.7435,-97.8558,78.13,40,45,4.68,CA,2022-08-16 00:09:34
130,Shibetsu,43.659,145.132,66.9,100,75,4.61,JP,2022-08-16 00:09:35
131,Hobart,-42.8794,147.3294,56.26,89,75,4.61,AU,2022-08-16 00:05:37
132,Kharsawan,22.8,85.8333,74.39,91,95,4.12,IN,2022-08-16 00:09:35
133,Saint-Philippe,-21.3585,55.7679,65.79,77,41,9.44,RE,2022-08-16 00:09:35
134,Yulara,-25.2406,130.9889,57.38,34,0,8.61,AU,2022-08-16 00:09:36
135,Playas,-2.6333,-80.3833,70.7,84,37,14.61,EC,2022-08-16 00:09:36
136,Melita,49.2681,-100.9967,67.57,68,39,17.22,CA,2022-08-16 00:09:37
137,Sitka,57.0531,-135.33,57.09,82,100,5.75,US,2022-08-16 00:09:05
138,Olafsvik,64.8945,-23.7142,47.89,64,2,4.54,IS,2022-08-16 00:09:37
139,Obo,5.3998,26.4869,65.23,98,22,3.04,CF,2022-08-16 00:09:38
140,Veraval,20.9,70.3667,79.27,89,100,16.08,IN,2022-08-16 00:10:38
141,Ajdabiya,30.7554,20.2263,78.64,55,0,9.24,LY,2022-08-16 00:10:39
142,Tuatapere,-46.1333,167.6833,56.88,71,89,4.12,NZ,2022-08-16 00:10:39
143,Lerwick,60.1545,-1.1494,53.6,95,100,7.72,GB,2022-08-16 00:10:39
144,Butaritari,3.0707,172.7902,81.9,73,92,14.07,KI,2022-08-16 00:10:40
145,Avarua,-21.2078,-159.775,73.45,49,96,12.66,CK,2022-08-16 00:07:30
146,Poum,-20.2333,164.0167,71.8,93,99,18.61,NC,2022-08-16 00:10:40
147,Tsiroanomandidy,-18.7667,46.0333,59.52,65,2,1.23,MG,2022-08-16 00:10:41
148,Tiksi,71.6872,128.8694,49.68,83,39,6.4,RU,2022-08-16 00:10:41
149,Daytona Beach,29.2108,-81.0228,84.29,78,75,8.01,US,2022-08-16 00:10:42
150,Novosergiyevka,52.0934,53.6528,62.53,55,8,8.03,RU,2022-08-16 00:10:42
151,Viedma,-40.8135,-62.9967,47.26,62,60,25.26,AR,2022-08-16 00:10:26
152,Karratha,-20.7377,116.8463,74.88,70,0,1.86,AU,2022-08-16 00:10:43
153,Miri,4.4148,114.0089,79.18,86,100,3.74,MY,2022-08-16 00:10:44
154,Atuona,-9.8,-139.0333,76.48,77,10,16.31,PF,2022-08-16 00:10:45
155,Upernavik,72.7868,-56.1549,41.0,92,73,13.42,GL,2022-08-16 00:10:45
156,Behshahr,36.6923,53.5526,79.16,64,0,5.03,IR,2022-08-16 00:10:46
157,Elbrus,43.2577,42.6443,60.01,71,0,4.23,RU,2022-08-16 00:10:46
158,Umtata,-31.5889,28.7844,41.22,72,25,4.63,ZA,2022-08-16 00:10:47
159,Vardo,70.3705,31.1107,53.58,87,75,10.36,NO,2022-08-16 00:10:47
160,Yagodnoye,62.55,149.6667,53.89,71,100,8.52,RU,2022-08-16 00:10:47
161,Iqaluit,63.7506,-68.5145,47.7,61,100,10.0,CA,2022-08-16 00:10:48
162,Linguere,15.3953,-15.1193,80.33,80,100,7.31,SN,2022-08-16 00:10:48
163,Talcahuano,-36.7167,-73.1167,47.88,100,100,13.8,CL,2022-08-16 00:10:49
164,Praia Da Vitoria,38.7333,-27.0667,70.75,80,92,15.12,PT,2022-08-16 00:10:49
165,Kahta,37.7855,38.6237,74.57,55,0,1.36,TR,2022-08-16 00:10:49
166,Tessalit,20.1986,1.0114,94.23,31,82,20.09,ML,2022-08-16 00:10:50
167,Bandipur,27.9333,84.4167,67.41,95,53,1.39,NP,2022-08-16 00:10:51
168,Sonoita,31.85,-112.8333,98.33,30,31,7.16,MX,2022-08-16 00:10:51
169,Namibe,-15.1961,12.1522,61.23,87,72,4.85,AO,2022-08-16 00:10:52
170,Lavrentiya,65.5833,-171.0,40.78,69,100,12.01,RU,2022-08-16 00:10:52
171,Rawson,-43.3002,-65.1023,47.1,62,96,22.82,AR,2022-08-16 00:10:50
172,Haines Junction,60.7522,-137.5108,62.83,45,99,6.82,CA,2022-08-16 00:10:53
173,North Branch,45.5113,-92.9802,77.09,73,100,9.95,US,2022-08-16 00:10:53
174,Tuktoyaktuk,69.4541,-133.0374,45.84,89,100,8.32,CA,2022-08-16 00:10:54
175,Miandoab,36.9694,46.1027,77.04,14,0,3.22,IR,2022-08-16 00:10:54
176,College,64.8569,-147.8028,66.15,59,75,6.91,US,2022-08-16 00:10:55
177,General Roca,-39.0333,-67.5833,52.63,36,88,31.05,AR,2022-08-16 00:10:55
178,Chuy,-33.6971,-53.4616,52.45,81,100,8.75,UY,2022-08-16 00:10:55
179,Vila Velha,-20.3297,-40.2925,69.94,85,75,9.22,BR,2022-08-16 00:08:34
180,Guiren,33.6697,118.1889,80.01,94,99,5.26,CN,2022-08-16 00:10:56
181,Khatanga,71.9667,102.5,57.87,51,8,13.04,RU,2022-08-16 00:10:57
182,Havoysund,70.9963,24.6622,50.23,84,87,13.8,NO,2022-08-16 00:11:57
183,Pasni,25.2631,63.471,80.01,90,100,3.06,PK,2022-08-16 00:12:01
184,Nizwa,22.9333,57.5333,90.84,38,100,1.05,OM,2022-08-16 00:12:01
185,Juazeiro,-9.4117,-40.4986,74.43,62,94,15.99,BR,2022-08-16 00:12:02
186,Donskoye,45.4552,41.9741,77.13,43,12,11.25,RU,2022-08-16 00:12:03
187,Bredasdorp,-34.5322,20.0403,47.16,73,100,3.83,ZA,2022-08-16 00:12:03
188,Manadhoo,5.7667,73.3833,80.22,78,73,1.14,MV,2022-08-16 00:12:04
189,Sistranda,63.7256,8.834,64.36,89,100,5.44,NO,2022-08-16 00:12:04
190,Mahebourg,-20.4081,57.7,68.25,74,77,12.12,MU,2022-08-16 00:10:54
191,Stettler,52.3168,-112.7186,77.52,50,83,6.76,CA,2022-08-16 00:12:05
192,Rio Gallegos,-51.6226,-69.2181,35.73,66,94,24.87,AR,2022-08-16 00:07:08
193,Sioux Lookout,50.1001,-91.917,70.32,80,53,4.21,CA,2022-08-16 00:12:05
194,Oranjemund,-28.55,16.4333,54.72,60,1,4.54,NA,2022-08-16 00:12:06
195,Khorinsk,52.1657,109.7726,61.45,85,92,6.89,RU,2022-08-16 00:12:06
196,Provideniya,64.3833,-173.3,44.37,70,75,15.66,RU,2022-08-16 00:12:07
197,Cherskiy,68.75,161.3,57.51,47,12,9.95,RU,2022-08-16 00:12:07
198,Port-Cartier,50.0334,-66.8654,64.74,65,92,4.0,CA,2022-08-16 00:12:08
199,Clyde River,70.4692,-68.5914,39.69,88,100,6.73,CA,2022-08-16 00:12:08
200,Palauig,15.435,119.9045,81.68,80,98,11.5,PH,2022-08-16 00:12:09
201,Verkhniye Tatyshly,56.2912,55.8575,50.56,76,0,3.22,RU,2022-08-16 00:12:09
202,Lagos,6.5833,3.75,72.84,93,93,6.87,NG,2022-08-16 00:12:10
203,San Francisco,37.7749,-122.4194,101.52,70,20,21.99,US,2022-08-16 00:08:11
204,Bocas Del Toro,9.3333,-82.25,80.26,78,97,5.64,PA,2022-08-16 00:12:10
205,Cartagena Del Chaira,1.3349,-74.8429,77.16,78,80,2.59,CO,2022-08-16 00:12:11
206,Pucallpa,-8.3791,-74.5539,84.24,70,40,3.44,PE,2022-08-16 00:12:11
207,Balkhash,46.844,74.9804,65.05,41,1,19.69,KZ,2022-08-16 00:11:49
208,Hami,42.8,93.45,81.48,18,55,8.43,CN,2022-08-16 00:12:12
209,Orotukan,62.2667,151.7,48.09,76,100,8.81,RU,2022-08-16 00:12:12
210,Grand-Lahou,5.1367,-5.0242,73.89,89,93,12.26,CI,2022-08-16 00:12:13
211,New Norfolk,-42.7826,147.0587,55.92,86,76,1.01,AU,2022-08-16 00:12:13
212,Eureka,40.8021,-124.1637,71.2,84,8,7.0,US,2022-08-16 00:08:50
213,Lebu,-37.6167,-73.65,49.42,95,100,25.61,CL,2022-08-16 00:12:14
214,Port Elizabeth,-33.918,25.5701,51.73,67,84,9.35,ZA,2022-08-16 00:12:14
215,Lahat,-3.8,103.5333,72.23,95,96,2.59,ID,2022-08-16 00:12:15
216,Palmer,42.1584,-72.3287,76.6,54,96,1.01,US,2022-08-16 00:12:16
217,Trincomalee,8.5711,81.2335,79.75,83,92,6.15,LK,2022-08-16 00:12:16
218,Mount Isa,-20.7333,139.5,65.97,27,89,14.97,AU,2022-08-16 00:12:16
219,Pacific Grove,36.6177,-121.9166,77.23,83,0,9.22,US,2022-08-16 00:12:17
220,Bitung,1.4451,125.1824,76.05,88,100,12.21,ID,2022-08-16 00:12:17
221,Haren,52.7833,7.2333,69.35,100,90,1.14,DE,2022-08-16 00:12:18
222,Ponta Do Sol,32.6667,-17.1,74.71,78,27,6.46,PT,2022-08-16 00:12:18
223,Biak,-0.9131,122.8766,78.17,72,99,5.26,ID,2022-08-16 00:11:53
224,Kuybyshevo,47.8123,38.9073,85.68,26,94,22.1,RU,2022-08-16 00:12:19
225,Nanortalik,60.1432,-45.2371,46.76,90,100,4.63,GL,2022-08-16 00:12:19
226,Nikolskoye,59.7035,30.7861,68.88,69,52,4.34,RU,2022-08-16 00:12:20
227,Talnakh,69.4865,88.3972,56.21,73,100,4.32,RU,2022-08-16 00:11:17
228,Mar Del Plata,-38.0023,-57.5575,46.87,66,1,3.0,AR,2022-08-16 00:09:02
229,Marzuq,14.4,46.4667,81.28,55,98,8.1,YE,2022-08-16 00:13:21
230,Goderich,43.7501,-81.7165,74.91,65,63,11.83,CA,2022-08-16 00:12:25
231,Campo Maior,-4.8278,-42.1686,78.73,31,18,4.68,BR,2022-08-16 00:13:22
232,Puerto Madryn,-42.7692,-65.0385,48.58,59,96,20.29,AR,2022-08-16 00:13:22
233,Grindavik,63.8424,-22.4338,45.07,87,20,4.61,IS,2022-08-16 00:13:23
234,Walvis Bay,-22.9575,14.5053,54.09,87,29,3.8,NA,2022-08-16 00:13:23
235,Dunedin,-45.8742,170.5036,55.8,54,81,3.0,NZ,2022-08-16 00:09:06
236,Kalmunai,7.4167,81.8167,77.58,83,87,10.85,LK,2022-08-16 00:13:24
237,Mahon,39.8885,4.2658,81.16,83,40,3.44,ES,2022-08-16 00:13:24
238,Gobabis,-22.45,18.9667,51.98,23,3,11.88,NA,2022-08-16 00:13:25
239,Bluefields,12.0137,-83.7635,76.59,91,100,6.29,NI,2022-08-16 00:13:25
240,Shenjiamen,29.9576,122.298,82.76,85,95,22.75,CN,2022-08-16 00:13:26
241,Ust-Tsilma,65.441,52.1498,41.2,96,6,3.27,RU,2022-08-16 00:13:26
242,Tommot,58.9564,126.2925,53.06,98,100,1.48,RU,2022-08-16 00:13:27
243,Lusambo,-4.9667,23.45,68.81,79,41,2.62,CD,2022-08-16 00:13:27
244,Aleksandrovka,46.8383,32.7612,72.21,79,93,7.07,UA,2022-08-16 00:13:28
245,Leningradskiy,69.3833,178.4167,37.85,71,70,11.14,RU,2022-08-16 00:13:28
246,Shache,38.4167,77.2406,73.65,62,100,3.0,CN,2022-08-16 00:13:28
247,Karla,59.3723,24.9275,69.51,86,0,6.91,EE,2022-08-16 00:13:29
248,Paamiut,61.994,-49.6678,44.67,99,100,17.25,GL,2022-08-16 00:13:30
249,Abu Samrah,35.3029,37.1841,71.69,67,0,5.35,SY,2022-08-16 00:13:30
250,Esperance,-33.8667,121.9,60.64,78,100,15.19,AU,2022-08-16 00:13:30
251,Saint-Augustin,51.226,-58.6502,62.47,73,55,3.91,CA,2022-08-16 00:13:31
252,Alepe,5.5004,-3.6631,73.27,89,100,7.23,CI,2022-08-16 00:13:31
253,Fairbanks,64.8378,-147.7164,66.16,61,75,6.91,US,2022-08-16 00:11:42
254,Berlevag,70.8578,29.0864,57.0,82,100,0.0,NO,2022-08-16 00:13:32
255,Faya,18.3851,42.4509,66.72,78,90,6.24,SA,2022-08-16 00:13:32
256,San Quintin,30.4833,-115.95,74.84,75,1,12.71,MX,2022-08-16 00:13:33
257,Shancheng,34.7953,116.0817,78.75,89,81,6.58,CN,2022-08-16 00:13:33
258,San Policarpo,12.1791,125.5072,81.46,78,78,2.59,PH,2022-08-16 00:13:33
259,Ostrovnoy,68.0531,39.5131,52.07,77,74,12.75,RU,2022-08-16 00:13:34
260,Vigeland,58.0844,7.305,70.95,76,23,11.21,NO,2022-08-16 00:13:34
261,Manggar,-2.8833,108.2667,82.81,74,89,9.31,ID,2022-08-16 00:13:35
262,Guerrero Negro,27.9769,-114.0611,79.16,58,24,17.31,MX,2022-08-16 00:12:19
263,Clinton,42.587,-82.9199,78.22,57,40,13.8,US,2022-08-16 00:08:52
264,Hamilton,39.1834,-84.5333,76.5,68,40,6.91,US,2022-08-16 00:13:35
265,Iracoubo,5.4802,-53.2011,78.26,80,20,5.48,GF,2022-08-16 00:13:36
266,Vao,-22.6667,167.4833,73.15,82,100,19.01,NC,2022-08-16 00:13:36
267,Pingzhuang,42.0372,119.2889,67.42,68,0,6.35,CN,2022-08-16 00:13:37
268,Ketchikan,55.3422,-131.6461,66.67,68,40,4.61,US,2022-08-16 00:13:37
269,Carthage,36.8611,10.3316,83.73,54,40,8.05,TN,2022-08-16 00:13:38
270,Mastic Beach,40.7668,-72.8521,74.98,70,0,1.01,US,2022-08-16 00:13:38
271,Sao Bento,-6.2833,-37.75,73.38,56,5,13.04,BR,2022-08-16 00:13:39
272,Turochak,52.2576,87.1224,51.6,70,70,2.71,RU,2022-08-16 00:13:39
273,San Pedro,14.35,121.0167,83.32,81,94,3.74,PH,2022-08-16 00:13:39
274,Husavik,66.0449,-17.3389,41.5,81,44,4.21,IS,2022-08-16 00:13:40
275,Kendari,-3.945,122.4989,76.78,80,100,1.9,ID,2022-08-16 00:14:40
276,Khorixas,-20.3667,14.9667,57.02,41,37,0.85,NA,2022-08-16 00:14:41
277,Elban,50.1018,136.5094,71.49,67,0,6.44,RU,2022-08-16 00:14:41
278,Cangucu,-31.395,-52.6756,58.21,97,92,5.97,BR,2022-08-16 00:14:42
279,Tokur,53.1333,132.9,62.24,72,2,1.9,RU,2022-08-16 00:14:42
280,Basoko,1.2391,23.616,69.98,97,100,3.02,CD,2022-08-16 00:14:42
281,La Ronge,55.1001,-105.2842,79.02,50,40,6.91,CA,2022-08-16 00:14:43
282,Praia,14.9215,-23.5087,81.14,74,20,6.91,CV,2022-08-16 00:14:43
283,Barcelos,41.5388,-8.6151,69.85,97,88,4.63,PT,2022-08-16 00:13:36
284,Nuuk,64.1835,-51.7216,45.21,93,75,24.16,GL,2022-08-16 00:14:44
285,Khuzhir,53.1939,107.3397,57.38,76,90,5.55,RU,2022-08-16 00:12:18
286,Gat,31.61,34.7642,77.81,100,0,4.9,IL,2022-08-16 00:14:45
287,Maanshan,31.6957,118.4983,87.66,69,100,1.25,CN,2022-08-16 00:14:45
288,Kachug,53.9606,105.8817,53.49,89,53,2.08,RU,2022-08-16 00:14:45
289,Apango,17.7333,-99.3333,72.39,83,60,7.05,MX,2022-08-16 00:14:46
290,Zwedru,6.0667,-8.1281,70.16,98,100,5.32,LR,2022-08-16 00:14:46
291,Espinosa,-14.9261,-42.8192,68.59,47,2,6.11,BR,2022-08-16 00:14:47
292,Smoky Lake,54.1169,-112.4686,79.52,36,72,8.05,CA,2022-08-16 00:14:47
293,Aksarka,66.5606,67.7975,44.89,95,94,9.75,RU,2022-08-16 00:14:47
294,Moron,-34.6534,-58.6198,53.96,38,19,5.82,AR,2022-08-16 00:14:48
295,Rodrigues Alves,-7.738,-72.6509,76.35,76,59,3.04,BR,2022-08-16 00:14:48
296,Muyezerskiy,63.9333,31.65,62.04,70,100,3.98,RU,2022-08-16 00:14:49
297,Raga,8.4596,25.678,68.29,98,97,3.38,SS,2022-08-16 00:14:49
298,Tilichiki,60.4667,166.1,53.51,90,100,12.75,RU,2022-08-16 00:14:50
299,Storozhevaya,43.8789,41.4514,66.88,60,0,5.73,RU,2022-08-16 00:14:50
300,Birjand,32.8663,59.2211,63.07,23,0,4.61,IR,2022-08-16 00:14:51
301,Axim,4.8699,-2.2405,74.46,87,100,10.58,GH,2022-08-16 00:14:51
302,Tomatlan,19.9333,-105.25,76.48,94,100,2.66,MX,2022-08-16 00:14:51
303,Matagami,49.7502,-77.6328,63.64,63,40,4.47,CA,2022-08-16 00:12:10
304,Cabo San Lucas,22.8909,-109.9124,89.06,65,100,9.22,MX,2022-08-16 00:12:19
305,Inhambane,-23.865,35.3833,62.26,65,2,7.9,MZ,2022-08-16 00:14:52
306,Sao Jose Da Coroa Grande,-8.8978,-35.1478,74.34,73,10,11.41,BR,2022-08-16 00:14:53
307,Dalvik,65.9702,-18.5286,33.73,77,47,2.82,IS,2022-08-16 00:14:53
308,Westport,41.1415,-73.3579,75.9,63,0,8.05,US,2022-08-16 00:14:54
309,Vilyuysk,63.7553,121.6247,57.88,68,34,2.75,RU,2022-08-16 00:14:54
310,Padang,-0.9492,100.3543,75.25,86,67,3.29,ID,2022-08-16 00:14:54
311,Uyuni,-20.4597,-66.825,40.03,18,23,20.58,BO,2022-08-16 00:14:55
312,Sibu,2.3,111.8167,76.68,95,81,0.89,MY,2022-08-16 00:13:21
313,Bengkulu,-3.8004,102.2655,75.45,89,95,5.14,ID,2022-08-16 00:14:55
314,Nizhniy Baskunchak,48.2198,46.8311,76.21,27,80,11.01,RU,2022-08-16 00:14:56
315,Bonavista,48.6499,-53.1147,65.46,84,60,14.67,CA,2022-08-16 00:14:56
316,Coquimbo,-29.9533,-71.3436,55.13,76,0,3.44,CL,2022-08-16 00:14:57
317,Nouadhibou,20.931,-17.0347,72.5,83,14,28.68,MR,2022-08-16 00:14:57
318,Port Augusta,-32.5,137.7667,54.03,79,58,7.16,AU,2022-08-16 00:14:58
319,Bogorodskoye,56.55,37.8833,61.66,70,25,6.49,RU,2022-08-16 00:14:58
320,Ribeira Grande,38.5167,-28.7,73.99,79,33,19.26,PT,2022-08-16 00:11:24
321,Grand-Santi,4.25,-54.3833,75.58,85,98,2.55,GF,2022-08-16 00:15:59
322,Amapa,1.0,-52.0,78.04,70,98,3.42,BR,2022-08-16 00:15:59
323,Rocha,-34.4833,-54.3333,50.25,87,69,10.36,UY,2022-08-16 00:16:00
324,Takoradi,4.8845,-1.7554,74.46,86,100,10.36,GH,2022-08-16 00:16:00
325,Kruisfontein,-34.0033,24.7314,49.42,45,100,7.07,ZA,2022-08-16 00:16:01
326,Salalah,17.0151,54.0924,75.29,100,100,6.91,OM,2022-08-16 00:14:27
327,Byron Bay,-28.65,153.6167,65.71,43,0,7.16,AU,2022-08-16 00:16:02
328,Kodinsk,58.6881,99.1844,49.23,97,98,5.26,RU,2022-08-16 00:16:02
329,Roma,43.2128,-75.4557,73.81,72,0,3.44,US,2022-08-16 00:13:15
330,Callaguip,18.0714,120.4867,80.62,83,75,4.61,PH,2022-08-16 00:16:03
331,Naze,28.3667,129.4833,86.92,70,27,9.78,JP,2022-08-16 00:16:04
332,Wright,45.1833,-93.9502,77.52,70,100,8.3,US,2022-08-16 00:16:05
333,Mishelevka,52.8575,103.1719,57.47,86,99,0.69,RU,2022-08-16 00:16:05
334,Erlangen,49.5897,11.0039,65.61,77,0,6.91,DE,2022-08-16 00:16:06
335,Saint George,37.1041,-113.5841,90.19,59,20,3.44,US,2022-08-16 00:14:07
336,Zatoka,46.0725,30.4654,72.86,78,61,4.27,UA,2022-08-16 00:16:06
337,Constitucion,-35.3333,-72.4167,49.62,71,99,8.05,CL,2022-08-16 00:11:18
338,Katsuura,35.1333,140.3,83.23,84,93,29.28,JP,2022-08-16 00:16:07
339,Narsaq,60.9167,-46.05,50.22,96,100,1.74,GL,2022-08-16 00:16:07
340,Avera,33.194,-82.5271,83.71,57,89,4.9,US,2022-08-16 00:16:08
341,Samarai,-10.6167,150.6667,80.51,78,27,5.28,PG,2022-08-16 00:16:08
342,Coos Bay,43.3665,-124.2179,80.31,88,0,13.8,US,2022-08-16 00:13:19
343,San Cristobal,7.7669,-72.225,77.18,93,20,3.04,VE,2022-08-16 00:16:09
344,Pedasi,7.5333,-80.0333,75.07,92,100,11.61,PA,2022-08-16 00:16:10
345,Jalu,29.0331,21.5482,82.98,41,2,7.49,LY,2022-08-16 00:16:10
346,Tamala,52.541,43.2515,59.45,66,0,9.44,RU,2022-08-16 00:16:11
347,Kiama,-34.6833,150.8667,63.57,55,45,14.0,AU,2022-08-16 00:16:11
348,Sao Filipe,14.8961,-24.4956,78.06,78,76,4.52,CV,2022-08-16 00:16:11
349,Bambous Virieux,-20.3428,57.7575,68.25,83,75,10.36,MU,2022-08-16 00:16:12
350,Altay,47.8667,88.1167,61.7,50,34,1.66,CN,2022-08-16 00:16:12
351,Najran,17.4924,44.1277,81.25,32,86,5.41,SA,2022-08-16 00:12:05
352,Muravlenko,63.7898,74.523,46.6,76,100,9.42,RU,2022-08-16 00:16:13
353,Port Hardy,50.6996,-127.4199,66.33,77,100,4.09,CA,2022-08-16 00:13:18
354,Pitimbu,-7.4706,-34.8086,73.99,70,3,13.6,BR,2022-08-16 00:16:13
355,Harper,4.375,-7.7169,75.45,81,100,12.59,LR,2022-08-16 00:16:14
356,Hurricane,37.1753,-113.2899,88.27,49,91,7.38,US,2022-08-16 00:16:14
357,Tabou,4.423,-7.3528,75.25,82,96,11.9,CI,2022-08-16 00:16:16
358,Shakawe,-18.3667,21.85,53.24,19,0,5.5,BW,2022-08-16 00:16:17
359,Hervey Bay,-25.2986,152.8535,61.5,47,0,5.44,AU,2022-08-16 00:16:17
360,Bac Lieu,9.285,105.7244,80.6,84,75,8.48,VN,2022-08-16 00:13:43
361,Matadi,-5.8167,13.45,71.2,77,55,3.36,CD,2022-08-16 00:16:18
362,Santa Cruz,-17.8,-63.1667,78.26,73,83,16.11,BO,2022-08-16 00:15:03
363,Kahului,20.8947,-156.47,87.82,55,20,21.85,US,2022-08-16 00:16:19
364,Geraldton,-28.7667,114.6,63.01,94,100,14.97,AU,2022-08-16 00:16:20
365,Norman Wells,65.282,-126.8329,69.64,70,50,12.3,CA,2022-08-16 00:12:13
366,Kavieng,-2.5744,150.7967,82.8,70,99,6.29,PG,2022-08-16 00:16:20
367,Comarapa,-17.9,-64.4833,55.35,92,97,5.3,BO,2022-08-16 00:17:21
368,Rio Grande,-32.035,-52.0986,62.71,98,100,6.02,BR,2022-08-16 00:17:22
369,Polunochnoye,60.8697,60.4153,47.21,92,55,3.2,RU,2022-08-16 00:17:23
370,Praya,14.9215,-23.5087,81.14,74,20,6.91,CV,2022-08-16 00:17:23
371,Terre-De-Bas,15.8501,-61.6442,80.11,77,13,12.95,GP,2022-08-16 00:17:24
372,Keetmanshoop,-26.5833,18.1333,55.83,26,0,8.43,NA,2022-08-16 00:17:25
373,Cockburn Town,21.4612,-71.1419,82.51,77,1,14.81,TC,2022-08-16 00:16:36
374,Gedo,9.0167,37.45,51.67,96,100,2.01,ET,2022-08-16 00:17:25
375,Fort Nelson,58.8053,-122.7002,78.39,36,40,3.44,CA,2022-08-16 00:17:26
376,Mount Gambier,-37.8333,140.7667,51.71,93,40,16.11,AU,2022-08-16 00:17:26
377,Maracacume,-2.0428,-45.9592,72.79,92,14,3.18,BR,2022-08-16 00:49:36
378,Rivera,-30.9053,-55.5508,54.21,84,15,13.4,UY,2022-08-16 00:49:36
379,Qasigiannguit,68.8193,-51.1922,52.05,75,100,15.32,GL,2022-08-16 00:49:37
380,Ucluelet,48.9329,-125.5528,67.08,83,100,4.32,CA,2022-08-16 00:45:01
381,Krasnoselkup,65.7,82.4667,49.42,85,100,15.84,RU,2022-08-16 00:49:37
382,Broome,42.2506,-75.833,68.77,83,93,3.0,US,2022-08-16 01:00:18
383,Kieta,-6.2167,155.6333,84.31,69,78,4.18,PG,2022-08-16 01:00:19
384,Valdivia,-39.8142,-73.2459,49.71,98,100,9.86,CL,2022-08-16 01:00:20
385,Ombessa,4.603,11.2565,66.52,98,100,0.87,CM,2022-08-16 01:00:20
386,San Rafael,-34.6177,-68.3301,49.08,32,0,11.59,AR,2022-08-16 01:00:20
387,Safakulevo,54.9901,62.5442,50.27,71,6,5.57,RU,2022-08-16 01:00:21
388,Pocatello,42.8713,-112.4455,92.48,15,0,5.99,US,2022-08-16 00:58:07
389,Posse,-14.0931,-46.3694,68.74,41,11,7.31,BR,2022-08-16 01:00:21
390,Brae,60.3964,-1.353,55.62,96,100,7.54,GB,2022-08-16 01:00:22
391,Sobolevo,54.4299,31.8996,63.48,79,83,8.3,RU,2022-08-16 01:00:23
392,Fortuna,40.5982,-124.1573,66.92,85,100,12.66,US,2022-08-16 01:00:23
393,Flin Flon,54.7682,-101.865,70.93,76,1,4.12,CA,2022-08-16 00:55:29
394,Caravelas,-17.7125,-39.2481,72.37,70,100,9.48,BR,2022-08-16 01:00:24
395,Orlik,52.5178,99.825,50.04,66,100,3.09,RU,2022-08-16 01:00:25
396,Sibolga,1.7427,98.7792,78.15,84,100,2.55,ID,2022-08-16 01:00:25
397,High River,50.5834,-113.8687,82.69,36,16,9.44,CA,2022-08-16 01:00:26
398,Kumluca,36.3703,30.2869,77.63,78,1,3.33,TR,2022-08-16 01:00:27
399,Pinega,64.7001,43.3936,54.12,80,100,1.77,RU,2022-08-16 01:00:27
400,Musoma,-1.5,33.8,70.7,75,100,5.59,TZ,2022-08-16 01:00:28
401,Sao Gabriel Da Cachoeira,-0.1303,-67.0892,75.22,88,71,1.5,BR,2022-08-16 01:00:28
402,Misratah,32.3754,15.0925,82.92,71,0,12.93,LY,2022-08-16 01:00:28
403,Podstepki,53.5151,49.1355,60.85,63,18,8.55,RU,2022-08-16 01:00:29
404,Magole,-6.3667,37.3667,66.69,89,45,2.57,TZ,2022-08-16 01:00:29
405,Aklavik,68.2191,-135.0107,57.06,72,100,2.62,CA,2022-08-16 01:00:30
406,Plettenberg Bay,-34.0527,23.3716,54.81,35,100,5.01,ZA,2022-08-16 01:00:30
407,Kisaran,2.9845,99.6158,75.96,94,99,1.7,ID,2022-08-16 01:00:31
408,Sri Aman,1.2376,111.4621,78.76,87,100,0.94,MY,2022-08-16 01:00:32
409,Aden,12.7794,45.0367,84.74,83,95,13.58,YE,2022-08-16 00:55:36
410,Aquiraz,-3.9014,-38.3911,79.18,81,5,12.44,BR,2022-08-16 01:00:33
411,Kupang,-10.1667,123.5833,82.04,55,70,9.51,ID,2022-08-16 01:00:33
412,Ostroleka,53.0862,21.5757,70.93,70,88,7.63,PL,2022-08-16 01:01:34
413,Keene,42.9337,-72.2781,70.21,62,70,3.8,US,2022-08-16 01:01:34
414,Hobyo,5.3505,48.5268,75.45,87,24,17.98,SO,2022-08-16 01:01:35
415,Tautira,-17.7333,-149.15,75.38,79,100,9.31,PF,2022-08-16 01:01:20
416,Koumac,-20.5667,164.2833,72.63,95,100,5.1,NC,2022-08-16 01:01:35
417,Brightwater,-41.3833,173.1167,58.68,94,100,3.2,NZ,2022-08-16 01:01:38
418,Ponta Delgada,37.7333,-25.6667,71.51,88,40,13.8,PT,2022-08-16 01:00:28
419,Kaitangata,-46.2817,169.8464,55.94,62,8,2.35,NZ,2022-08-16 01:01:38
420,Bin Qirdan,33.1378,11.2197,84.45,74,0,14.65,TN,2022-08-16 01:01:39
421,Nemuro,43.3236,145.575,68.88,95,100,29.44,JP,2022-08-16 01:01:39
422,Lagoa,39.05,-27.9833,71.62,69,100,18.23,PT,2022-08-16 01:01:40
423,Urubicha,-15.3833,-62.95,78.24,46,26,2.84,BO,2022-08-16 01:01:40
424,Barguzin,53.6167,109.6167,59.99,80,99,7.81,RU,2022-08-16 01:01:40
425,Sao Joao Da Barra,-21.6403,-41.0511,71.64,73,0,26.17,BR,2022-08-16 01:00:41
426,Shurugwi,-19.6702,30.0059,47.73,57,0,5.7,ZW,2022-08-16 01:01:41
427,Biltine,14.5333,20.9167,74.5,83,100,10.0,TD,2022-08-16 01:01:41
428,Dukat,62.55,155.55,49.44,93,100,13.4,RU,2022-08-16 01:01:42
429,Nabire,-3.3667,135.4833,82.87,68,100,2.77,ID,2022-08-16 01:01:42
430,Arlit,18.7369,7.3853,88.86,40,9,11.01,NE,2022-08-16 01:01:43
431,Finschhafen,-6.6024,147.8681,83.32,71,24,1.05,PG,2022-08-16 01:01:43
432,Iwanai,42.9744,140.5089,72.84,99,100,1.25,JP,2022-08-16 01:01:43
433,Bayir,37.2687,28.2167,63.12,63,0,3.4,TR,2022-08-16 01:01:44
434,Atasu,48.6814,71.6433,56.32,52,0,9.64,KZ,2022-08-16 01:01:44
435,Monrovia,6.3005,-10.7969,76.77,87,100,16.22,LR,2022-08-16 01:00:12
436,Lasa,46.6166,10.7002,56.7,88,56,0.6,IT,2022-08-16 01:01:45
437,Kandrian,-6.2167,149.55,83.55,71,16,3.47,PG,2022-08-16 01:01:45
438,Northam,51.0333,-4.2167,62.62,93,96,1.61,GB,2022-08-16 01:01:46
439,Gisborne,-38.6533,178.0042,62.65,60,100,4.9,NZ,2022-08-16 01:01:46
440,Tambacounda,13.7539,-13.7586,72.72,85,20,1.52,SN,2022-08-16 01:01:46
441,Canto Do Buriti,-8.11,-42.9444,73.87,60,0,6.49,BR,2022-08-16 01:01:47
442,York,40.1254,-77.0,71.37,79,100,3.42,US,2022-08-16 00:58:51
443,Cabedelo,-6.9811,-34.8339,74.5,70,8,13.8,BR,2022-08-16 01:01:47
444,Mahajanga,-15.7167,46.3167,68.14,72,1,7.16,MG,2022-08-16 01:01:48
445,Paita,-5.0892,-81.1144,64.09,83,16,17.09,PE,2022-08-16 01:01:48
446,Qax,41.4225,46.9242,73.98,39,0,5.46,AZ,2022-08-16 01:01:49
447,Kavaratti,10.5669,72.642,80.55,78,100,7.7,IN,2022-08-16 01:01:49
448,Katete,-0.7818,29.7544,62.06,98,100,0.78,UG,2022-08-16 01:01:49
449,Pangnirtung,66.1451,-65.7125,42.39,95,100,6.44,CA,2022-08-16 01:01:50
450,Saint-Pierre,-21.3393,55.4781,66.9,63,0,6.91,RE,2022-08-16 01:01:51
451,Cabacao,13.3356,120.6588,82.18,75,68,6.76,PH,2022-08-16 01:01:51
452,Yazykovo,55.2199,56.1353,52.18,73,0,5.08,RU,2022-08-16 01:01:51
453,Honiara,-9.4333,159.95,85.68,63,28,5.77,SB,2022-08-16 01:01:52
454,Demba,-5.51,22.2667,68.74,63,15,1.05,CD,2022-08-16 01:01:52
455,Sandpoint,48.2766,-116.5533,91.85,30,0,1.01,US,2022-08-16 01:01:52
456,Vila Franca Do Campo,37.7167,-25.4333,71.2,79,99,9.28,PT,2022-08-16 01:01:53
457,Yenagoa,4.9247,6.2642,72.64,88,100,4.21,NG,2022-08-16 01:01:53
458,Marawi,7.9986,124.2928,80.69,58,90,2.13,PH,2022-08-16 01:01:54
459,Havre-Saint-Pierre,50.2334,-63.5986,63.0,77,58,5.64,CA,2022-08-16 01:02:54
460,Beboto,8.2668,16.939,68.27,99,100,2.57,TD,2022-08-16 01:02:55
461,La Libertad,-2.2333,-80.9,69.21,83,100,12.55,EC,2022-08-16 01:02:55
462,Castelldefels,41.2779,1.9703,79.12,82,20,2.3,ES,2022-08-16 01:02:55
463,Umm Lajj,25.0213,37.2685,85.06,71,2,8.37,SA,2022-08-16 01:02:56
464,Rock Sound,24.9,-76.2,83.68,69,22,5.28,BS,2022-08-16 01:02:56
465,Cap Malheureux,-19.9842,57.6142,68.47,74,52,5.01,MU,2022-08-16 01:02:57
466,Kirkwall,58.9848,-2.9587,53.65,100,100,14.97,GB,2022-08-16 01:02:57
467,Vanavara,60.34,102.2797,49.44,97,100,8.34,RU,2022-08-16 01:02:58
468,Port Blair,11.6667,92.75,81.95,79,98,7.47,IN,2022-08-16 01:02:58
469,Kaeo,-35.1,173.7833,64.33,86,100,17.05,NZ,2022-08-16 01:02:58
470,Kuching,1.55,110.3333,77.22,94,20,1.14,MY,2022-08-16 01:02:59
471,Hay River,60.8156,-115.7999,76.95,41,12,5.32,CA,2022-08-16 01:02:59
472,La Paz,-16.5,-68.15,51.78,23,40,4.61,BO,2022-08-16 00:58:36
473,Quang Ngai,15.1167,108.8,82.13,73,100,3.67,VN,2022-08-16 01:03:00
474,Alekseyevsk,57.8406,108.3492,51.67,92,100,11.01,RU,2022-08-16 01:03:00
475,Odweyne,9.4092,45.064,72.34,58,78,14.14,SO,2022-08-16 01:03:01
476,Kenai,60.5544,-151.2583,62.69,83,40,10.36,US,2022-08-16 01:03:01
477,Santa Marta,11.2408,-74.199,79.0,85,100,0.22,CO,2022-08-16 01:00:25
478,Sorong,-0.8833,131.25,79.74,82,100,6.42,ID,2022-08-16 01:03:02
479,Isangel,-19.55,169.2667,79.48,81,100,19.62,VU,2022-08-16 01:03:03
480,Potiskum,11.7091,11.0694,70.43,97,100,8.93,NG,2022-08-16 01:03:03
481,Santa Maria,-29.6842,-53.8069,65.71,96,100,9.46,BR,2022-08-16 01:02:38
482,Srednekolymsk,67.45,153.6833,59.9,46,42,16.71,RU,2022-08-16 01:03:04
483,Sayat,38.7839,63.8803,79.27,23,0,10.69,TM,2022-08-16 01:03:04
484,Gerash,27.6652,54.1371,87.04,23,8,5.99,IR,2022-08-16 01:03:05
485,Kitgum,3.2783,32.8867,63.23,98,75,1.57,UG,2022-08-16 01:03:05
486,Mandali,33.7499,45.5541,89.69,19,0,14.45,IQ,2022-08-16 01:03:05
487,Whitehorse,60.7161,-135.0538,64.31,56,99,5.01,CA,2022-08-16 01:03:06
488,Gravdal,68.1214,13.5031,57.67,88,100,9.35,NO,2022-08-16 01:03:06
489,Shitanjing,39.2342,106.3439,72.45,39,0,9.53,CN,2022-08-16 01:03:07
490,Miramar,25.9873,-80.2323,82.02,83,0,4.61,US,2022-08-16 01:03:07
491,Poitiers,46.5833,0.3333,64.26,54,0,3.44,FR,2022-08-16 01:03:07
492,Pedernales,18.0384,-71.744,82.13,77,7,3.83,DO,2022-08-16 01:03:08
493,Ahipara,-35.1667,173.1667,61.93,87,100,19.48,NZ,2022-08-16 01:03:08
494,Liwale,-9.7667,37.9333,61.84,97,27,2.59,TZ,2022-08-16 01:03:09
495,Bundaberg,-24.85,152.35,68.22,35,0,1.9,AU,2022-08-16 01:03:09
496,Shaowu,27.3409,117.4831,90.63,62,33,1.52,CN,2022-08-16 01:03:09
497,Bokovskaya,49.229,41.8306,73.33,31,97,14.07,RU,2022-08-16 01:03:10
498,Sumbe,-11.2061,13.8437,67.21,94,76,6.53,AO,2022-08-16 01:03:11
499,Whitianga,-36.8333,175.7,60.42,88,100,12.53,NZ,2022-08-16 01:03:11
500,Lata,40.1629,-8.3327,60.85,93,61,1.77,PT,2022-08-16 01:03:12
501,Aksu,41.1231,80.2644,75.97,56,100,5.48,CN,2022-08-16 01:04:12
502,Tombouctou,20.0,-3.0,99.75,11,71,6.24,ML,2022-08-16 01:04:13
503,Mogadishu,2.0371,45.3438,75.34,84,16,14.29,SO,2022-08-16 01:04:13
504,Zhenlai,45.8495,123.2973,74.5,58,0,5.5,CN,2022-08-16 01:04:13
505,Prestea,5.4327,-2.1428,72.55,90,100,4.63,GH,2022-08-16 01:04:14
506,Nannilam,10.8793,79.6106,80.08,81,96,5.66,IN,2022-08-16 01:04:14
507,Tezu,27.9167,96.1667,78.39,93,88,2.37,IN,2022-08-16 01:04:15
508,Victoria Point,-27.5833,153.3,69.12,54,0,1.99,AU,2022-08-16 01:04:15
509,Talakan,50.3167,130.3667,73.8,58,0,5.99,RU,2022-08-16 01:01:54
510,Forrest City,35.0081,-90.7898,79.86,70,1,9.62,US,2022-08-16 01:04:16
511,Morros,-9.4467,-46.3003,72.19,39,0,3.71,BR,2022-08-16 01:04:16
512,Innisfail,-17.5333,146.0333,72.91,45,2,4.16,AU,2022-08-16 01:00:32
513,Tarut,26.5733,50.0369,89.8,53,9,0.4,SA,2022-08-16 01:04:17
514,Markala,13.7021,-6.0659,79.29,76,100,12.75,ML,2022-08-16 01:04:17
515,Salta,-24.7859,-65.4117,58.57,53,0,4.0,AR,2022-08-16 01:04:18
516,Ranchi,23.35,85.3333,71.58,93,100,8.43,IN,2022-08-16 01:04:18
517,Kununurra,-15.7667,128.7333,80.58,13,11,6.91,AU,2022-08-16 01:01:56
518,Chapais,49.7834,-74.8492,58.06,88,98,3.65,CA,2022-08-16 01:04:19
519,Lazaro Cardenas,17.9583,-102.2,81.09,78,100,2.64,MX,2022-08-16 01:04:19
520,Mayor Pablo Lagerenza,-19.9309,-60.7718,88.61,29,1,12.3,PY,2022-08-16 01:04:19
521,Swan Hill,-35.3378,143.5544,57.72,64,69,16.02,AU,2022-08-16 01:04:20
522,Marsa Matruh,31.3525,27.2453,76.75,71,0,8.37,EG,2022-08-16 01:04:20
523,Tazovskiy,67.4667,78.7,44.73,93,100,14.41,RU,2022-08-16 01:04:21
524,Bani Walid,31.7566,13.9942,82.89,38,0,7.31,LY,2022-08-16 01:04:21
525,Khovu-Aksy,51.1333,93.6,50.58,73,74,2.77,RU,2022-08-16 01:04:22
526,Maxixe,-23.8597,35.3472,60.08,69,0,6.69,MZ,2022-08-16 01:03:09
527,Marion,39.7684,-86.1555,73.78,73,75,8.05,US,2022-08-16 01:04:22
528,Luderitz,-26.6481,15.1594,56.88,49,2,5.77,NA,2022-08-16 01:04:23
529,Chibombo,-14.6569,28.0706,62.42,33,97,4.5,ZM,2022-08-16 01:04:23
530,Shagonar,51.5333,92.8,57.51,57,31,1.28,RU,2022-08-16 01:04:23
531,Hofn,64.2539,-15.2082,48.16,66,13,5.7,IS,2022-08-16 01:04:24
532,Mersing,2.4312,103.8405,80.31,82,100,5.08,MY,2022-08-16 01:04:24
533,Oyama,36.3,139.8,90.59,50,100,5.75,JP,2022-08-16 01:04:25
534,Sorbhog,26.5,90.8667,81.28,84,11,6.96,IN,2022-08-16 01:04:25
535,Soyo,-6.1349,12.3689,69.31,88,97,2.01,AO,2022-08-16 01:04:25
536,Panaba,21.2833,-88.2667,77.45,84,16,10.02,MX,2022-08-16 01:04:26
537,Brotas,-22.2842,-48.1267,67.69,40,3,3.94,BR,2022-08-16 01:04:26
538,Yoichi,43.2039,140.7703,72.01,98,100,3.47,JP,2022-08-16 01:04:27
539,Sladkovicovo,48.2014,17.6385,73.98,59,4,5.06,SK,2022-08-16 01:04:27
540,Varnamo,57.186,14.04,67.26,92,84,1.01,SE,2022-08-16 01:04:27
541,Morgan City,29.6994,-91.2068,86.0,77,7,5.86,US,2022-08-16 01:03:59
542,Bonthe,7.5264,-12.505,75.69,93,100,14.74,SL,2022-08-16 01:03:08
543,Lappeenranta,61.0587,28.1887,66.25,88,87,5.75,FI,2022-08-16 01:04:28
544,Malakal,9.5334,31.6605,69.71,94,100,1.77,SS,2022-08-16 01:04:29
545,Boende,-0.2167,20.8667,72.7,69,98,2.82,CD,2022-08-16 01:04:29
546,Chicama,-7.8447,-79.1469,57.74,84,60,6.78,PE,2022-08-16 01:04:29
547,Ranfurly,-45.1333,170.1,55.11,67,21,2.37,NZ,2022-08-16 01:04:30
548,Carlyle,38.6103,-89.3726,75.22,79,94,3.22,US,2022-08-16 01:05:30
549,Portland,45.5234,-122.6762,90.93,40,0,8.05,US,2022-08-16 01:05:31
550,Half Moon Bay,37.4636,-122.4286,95.54,70,0,19.57,US,2022-08-16 01:05:31
551,Ust-Kuyga,70.0167,135.6,64.29,51,94,4.21,RU,2022-08-16 01:05:31
552,Andover,51.2083,-1.4825,65.52,93,98,1.99,GB,2022-08-16 01:01:19
553,Belmonte,-15.8631,-38.8828,70.38,85,64,6.69,BR,2022-08-16 01:05:32
554,Tarboro,35.8968,-77.5358,70.18,88,100,3.44,US,2022-08-16 01:04:57
555,Lakatoro,-16.0999,167.4164,81.77,78,37,14.41,VU,2022-08-16 01:05:32
556,Jawhar,2.7809,45.5005,72.07,88,9,10.56,SO,2022-08-16 01:05:33
557,Paso De Carrasco,-34.8603,-56.0522,53.94,53,0,10.36,UY,2022-08-16 01:05:33
558,Kambove,-10.8764,26.5969,59.85,33,24,4.16,CD,2022-08-16 01:05:34
559,Camopi,3.1655,-52.3158,72.36,87,90,2.62,GF,2022-08-16 01:05:34
560,Cabinda,-5.55,12.2,69.19,85,98,3.0,AO,2022-08-16 01:05:35
561,Buta,2.7858,24.73,68.79,100,100,2.28,CD,2022-08-16 01:05:35
562,Lorengau,-2.0226,147.2712,84.16,59,100,5.64,PG,2022-08-16 01:05:35
563,Lima,-12.0432,-77.0282,60.91,82,35,7.67,PE,2022-08-16 01:02:40
564,At-Bashi,41.1702,75.8106,62.67,61,100,1.5,KG,2022-08-16 01:05:36
565,Trelew,-43.249,-65.3051,50.52,45,100,25.75,AR,2022-08-16 01:05:36
566,Tura,25.5198,90.2201,76.48,95,30,4.07,IN,2022-08-16 01:05:37
567,Verkh-Usugli,52.7,115.1667,64.72,71,98,3.78,RU,2022-08-16 01:05:37
568,Pokhara,28.2333,83.9833,72.73,92,95,1.28,NP,2022-08-16 01:05:38
569,Baykit,61.67,96.37,53.31,93,100,1.05,RU,2022-08-16 01:05:38
570,Clarksburg,39.2807,-80.3445,70.25,87,40,5.75,US,2022-08-16 01:05:38
571,Belen,36.4891,36.2233,69.94,78,0,12.66,TR,2022-08-16 01:05:39
